	precision	recall	f1-score	support
0	0.9996364297400473	0.9879626302551203	0.9937652480346978	11132.0
1	0.9881015805363168	0.9996406755300036	0.9938376350808251	11132.0
accuracy	0.993801652892562	0.993801652892562	0.993801652892562	0.993801652892562
macro avg	0.993869005138182	0.993801652892562	0.9938014415577614	22264.0
weighted avg	0.9938690051381821	0.993801652892562	0.9938014415577614	22264.0
