	precision	recall	f1-score	support
0	1.0	0.9922745238950773	0.9961222833438543	11132.0
1	0.9923337493314316	1.0	0.9961521252796421	11132.0
accuracy	0.9961372619475386	0.9961372619475386	0.9961372619475386	0.9961372619475386
macro avg	0.9961668746657157	0.9961372619475386	0.9961372043117482	22264.0
weighted avg	0.9961668746657159	0.9961372619475386	0.9961372043117482	22264.0
