	precision	recall	f1-score	support
0	0.9973070017953322	0.9980237154150198	0.9976652298850575	11132.0
1	0.998022294138799	0.9973050664750269	0.9976635514018691	11132.0
accuracy	0.9976643909450233	0.9976643909450233	0.9976643909450233	0.9976643909450233
macro avg	0.9976646479670656	0.9976643909450233	0.9976643906434632	22264.0
weighted avg	0.9976646479670656	0.9976643909450233	0.9976643906434632	22264.0
