	precision	recall	f1-score	support
0	1.0	0.9893100970176069	0.9946263264845336	11132.0
1	0.9894231623855657	1.0	0.9946834651297859	11132.0
accuracy	0.9946550485088035	0.9946550485088035	0.9946550485088035	0.9946550485088035
macro avg	0.9947115811927829	0.9946550485088035	0.9946548958071597	22264.0
weighted avg	0.9947115811927829	0.9946550485088035	0.9946548958071597	22264.0
