	precision	recall	f1-score	support
0	1.0	0.9879626302551203	0.9939448712155445	11132.0
1	0.9881058050772235	1.0	0.9940173229752656	11132.0
accuracy	0.9939813151275602	0.9939813151275602	0.9939813151275602	0.9939813151275602
macro avg	0.9940529025386118	0.9939813151275602	0.993981097095405	22264.0
weighted avg	0.9940529025386118	0.9939813151275602	0.9939810970954052	22264.0
