	precision	recall	f1-score	support
0	0.9992744422274623	0.9897592526051024	0.9944940879140716	11132.0
1	0.9898558462359851	0.9992813510600072	0.9945462673223066	11132.0
accuracy	0.9945203018325548	0.9945203018325548	0.9945203018325548	0.9945203018325548
macro avg	0.9945651442317237	0.9945203018325548	0.9945201776181891	22264.0
weighted avg	0.9945651442317237	0.9945203018325548	0.9945201776181891	22264.0
